{"cameraMode":{"drawMode":0,"name":"Shaded","section":"Shading Mode"},"sceneLighting":true,"audioPlay":false,"sceneViewState":{"m_AlwaysRefresh":false,"showFog":true,"showSkybox":true,"showFlares":true,"showImageEffects":true,"showParticleSystems":true,"showVisualEffectGraphs":true,"m_FxEnabled":true},"in2DMode":false,"pivot":{"x":-0.5684643387794495,"y":-0.2091224193572998,"z":-8.712101936340332},"rotation":{"x":-0.0006430560606531799,"y":0.9991858005523682,"z":-0.03629643842577934,"w":-0.017686422914266588},"size":5.496622562408447,"orthographic":false}